,Similarity Run,Hybrid Run,Difference
faithfulness,0.9833333333333334,0.975,0.008333333333333415
answer_relevancy,0.9757221062484354,0.9725513150557861,0.0031707911926492915
llm_context_precision_without_reference,0.8963085789726459,0.789605395292327,0.10670318368031895
context_recall,0.9333333333333332,1.0,-0.06666666666666676
factual_correctness(mode=f1),0.33199999999999996,0.33599999999999997,-0.0040000000000000036
semantic_similarity,0.9339569006035872,0.9315074474915056,0.0024494531120815566
